DALI,Zaina,ZainaDali,zaina.dali@efrei.net
BOULAIS,Mathis,MathisBls,mathis.boulais@efrei.net
HADDOUCHE,Othmane,Othhmane,othmane.haddouche@efrei.net
PARRY,Kevin,inaxeb,kevin.parry@efrei.net
ROSTANE,Rayane,RayaneSsj,rayane.rostane@efrei.net
ZAZARI,Imane,imana173,imane.zazari@efrei.net